"count","proportion","category"
24532,25.870541834518,"入口網有記錄"
70294,74.1294581654821,"入口網未記錄"
