"count","proportion","category"
23605,36.5730841932385,"Recorded"
40937,63.4269158067615,"Unrecorded"
