"taxonRank","count","proportion"
"species",19244729,91.5029223102386
"non-Linnaean",1148796,5.46218089838069
"family",296476,1.40965458099463
"genus",245061,1.16519165555771
"order",89210,0.424166830267986
"class",5850,0.0278149978373245
"phylum",1221,0.00580548929220055
"kingdom",476,0.00226323743086606
