"count","proportion","category"
23970,37.1581819309233,"入口網有記錄"
40538,62.8418180690767,"入口網未記錄"
