"count","proportion","category"
23970,37.1386074184252,"Recorded"
40572,62.8613925815748,"Unrecorded"
